Site Building Name,Site Street No,Site Street 1,Site Street 2,Site Town,Site Postcode,MPAN Topline,Meter Number,Usage,Proposed Start Date,Energization Status,Annualised AQ,Status
,,,,,,,1482323697,1482323697,,,1482323697,Unfound
,,,,,,,1273323501,1273323501,,,1273323501,Unfound
,,,,,,,1332920171,1332920171,,,1332920171,Unfound
,,,,,,,1934900267,1934900267,,,1934900267,Unfound
,,,,,,,1684770631,1684770631,,,1684770631,Unfound
,,,,,,,1992453500,1992453500,,,1992453500,Unfound
,,,,,,,1934832135,1934832135,,,1934832135,Unfound
,,,,,,,1942326080,1942326080,,,1942326080,Unfound
,,,,,,,1484542051,1484542051,,,1484542051,Unfound
,,,,,,,1252615447,1252615447,,,1252615447,Unfound
,,,,,,,1202398327,1202398327,,,1202398327,Unfound
,,,,,,,1892514141,1892514141,,,1892514141,Unfound
,,,,,,,1772424567,1772424567,,,1772424567,Unfound
,,,,,,,1530445945,1530445945,,,1530445945,Unfound
,,,,,,,1522595395,1522595395,,,1522595395,Unfound
,,,,,,,1245399999,1245399999,,,1245399999,Unfound
,,,,,,,1483564555,1483564555,,,1483564555,Unfound
,,,,,,,1454774392,1454774392,,,1454774392,Unfound
,,,,,,,1638778666,1638778666,,,1638778666,Unfound
,,,,,,,1932568080,1932568080,,,1932568080,Unfound
,,,,,,,8000285903,8000285903,,,8000285903,Unfound
,,,,,,,1407860930,1407860930,,,1407860930,Unfound
,,,,,,,1903528600,1903528600,,,1903528600,Unfound
,,,,,,,1228710063,1228710063,,,1228710063,Unfound
,,,,,,,1322431404,1322431404,,,1322431404,Unfound
,,,,,,,1254879676,1254879676,,,1254879676,Unfound
,,,,,,,1912365314,1912365314,,,1912365314,Unfound
,,,,,,,1290550342,1290550342,,,1290550342,Unfound
,,,,,,,1209214687,1209214687,,,1209214687,Unfound
,,,,,,,1489892969,1489892969,,,1489892969,Unfound
,,,,,,,1202740740,1202740740,,,1202740740,Unfound
,,,,,,,1228547662,1228547662,,,1228547662,Unfound
,,,,,,,1858465466,1858465466,,,1858465466,Unfound
,,,,,,,1404891898,1404891898,,,1404891898,Unfound
,,,,,,,3333550980,3333550980,,,3333550980,Unfound
,,,,,,,1992899097,1992899097,,,1992899097,Unfound
,,,,,,,1614953670,1614953670,,,1614953670,Unfound
,,,,,,,1614281180,1614281180,,,1614281180,Unfound
,,,,,,,1892514100,1892514100,,,1892514100,Unfound
,,,,,,,1296461000,1296461000,,,1296461000,Unfound
,,,,,,,1634850257,1634850257,,,1634850257,Unfound
,,,,,,,1925445907,1925445907,,,1925445907,Unfound
,,,,,,,1264791678,1264791678,,,1264791678,Unfound
,,,,,,,1483762754,1483762754,,,1483762754,Unfound
,,,,,,,1895638642,1895638642,,,1895638642,Unfound
,,,,,,,7776555862,7776555862,,,7776555862,Unfound
,,,,,,,7450915062,7450915062,,,7450915062,Unfound
,,,,,,,1895234344,1895234344,,,1895234344,Unfound
,,,,,,,1953457609,1953457609,,,1953457609,Unfound
,,,,,,,1527831070,1527831070,,,1527831070,Unfound
,,,,,,,1626872291,1626872291,,,1626872291,Unfound
,,,,,,,1942863841,1942863841,,,1942863841,Unfound
,,,,,,,1579348818,1579348818,,,1579348818,Unfound
,,,,,,,1695455625,1695455625,,,1695455625,Unfound
,,,,,,,1324471777,1324471777,,,1324471777,Unfound
,,,,,,,1614290532,1614290532,,,1614290532,Unfound
,,,,,,,1924650440,1924650440,,,1924650440,Unfound
,,,,,,,1473219966,1473219966,,,1473219966,Unfound
,,,,,,,1753883507,1753883507,,,1753883507,Unfound
,,,,,,,1142560720,1142560720,,,1142560720,Unfound
,,,,,,,1983280290,1983280290,,,1983280290,Unfound
,,,,,,,1260224221,1260224221,,,1260224221,Unfound
,,,,,,,1604801620,1604801620,,,1604801620,Unfound
,,,,,,,1902241453,1902241453,,,1902241453,Unfound
,,,,,,,8009172988,8009172988,,,8009172988,Unfound
,,,,,,,1268440934,1268440934,,,1268440934,Unfound
,,,,,,,1752435502,1752435502,,,1752435502,Unfound
,,,,,,,1604961161,1604961161,,,1604961161,Unfound
,,,,,,,1912814442,1912814442,,,1912814442,Unfound
,,,,,,,1227274220,1227274220,,,1227274220,Unfound
,,,,,,,1227367441,1227367441,,,1227367441,Unfound
,,,,,,,1227272302,1227272302,,,1227272302,Unfound
,,,,,,,1243863639,1243863639,,,1243863639,Unfound
,,,,,,,1243774900,1243774900,,,1243774900,Unfound
,,,,,,,1912759580,1912759580,,,1912759580,Unfound
,,,,,,,1437532434,1437532434,,,1437532434,Unfound
,,,,,,,125374,125374,,,125374,Unfound
,,,,,,,1162764516,1162764516,,,1162764516,Unfound
,,,,,,,155248,155248,,,155248,Unfound
,,,,,,,8006127248,8006127248,,,8006127248,Unfound
,,,,,,,104909,104909,,,104909,Unfound
,,,,,,,1215536932,1215536932,,,1215536932,Unfound
,,,,,,,142095,142095,,,142095,Unfound
,,,,,,,1243786893,1243786893,,,1243786893,Unfound
,,,,,,,212108,212108,,,212108,Unfound
,,,,,,,1616205203,1616205203,,,1616205203,Unfound
,,,,,,,126816,126816,,,126816,Unfound
,,,,,,,1282414747,1282414747,,,1282414747,Unfound
,,,,,,,127451,127451,,,127451,Unfound
,,,,,,,1142814113,1142814113,,,1142814113,Unfound
,,,,,,,150671,150671,,,150671,Unfound
,,,,,,,147810,147810,,,147810,Unfound
,,,,,,,1924848171,1924848171,,,1924848171,Unfound
,,,,,,,1213539754,1213539754,,,1213539754,Unfound
,,,,,,,122837,122837,,,122837,Unfound
,,,,,,,1212481302,1212481302,,,1212481302,Unfound
,,,,,,,114598,114598,,,114598,Unfound
,,,,,,,121778,121778,,,121778,Unfound
,,,,,,,7767225401,7767225401,,,7767225401,Unfound
,,,,,,,154827,154827,,,154827,Unfound
,,,,,,,1424751457,1424751457,,,1424751457,Unfound
,,,,,,,140834,140834,,,140834,Unfound
,,,,,,,1704880375,1704880375,,,1704880375,Unfound
,,,,,,,134483,134483,,,134483,Unfound
,,,,,,,1773608218,1773608218,,,1773608218,Unfound
,,,,,,,1535643800,1535643800,,,1535643800,Unfound
,,,,,,,102125,102125,,,102125,Unfound
,,,,,,,155141,155141,,,155141,Unfound
,,,,,,,1743462699,1743462699,,,1743462699,Unfound
,,,,,,,184351,184351,,,184351,Unfound
,,,,,,,137650,137650,,,137650,Unfound
,,,,,,,1452410555,1452410555,,,1452410555,Unfound
,,,,,,,1327843100,1327843100,,,1327843100,Unfound
,,,,,,,141089,141089,,,141089,Unfound
,,,,,,,1954230940,1954230940,,,1954230940,Unfound
,,,,,,,115742,115742,,,115742,Unfound
,,,,,,,1514588075,1514588075,,,1514588075,Unfound
,,,,,,,153979,153979,,,153979,Unfound
,,,,,,,1603411722,1603411722,,,1603411722,Unfound
,,,,,,,118750,118750,,,118750,Unfound
,,,,,,,7305309529,7305309529,,,7305309529,Unfound
,,,,,,,176639,176639,,,176639,Unfound
,,,,,,,1934429937,1934429937,,,1934429937,Unfound
,,,,,,,187915,187915,,,187915,Unfound
,,,,,,,1278784101,1278784101,,,1278784101,Unfound
,,,,,,,7707256366,7707256366,,,7707256366,Unfound
,,,,,,,142880,142880,,,142880,Unfound
,,,,,,,239-241,239-241,,,,Unfound
,,,,,,,1914473324,1914473324,,,1914473324,Unfound
,,,,,,,258-260,258-260,,,,Unfound
,,,,,,,1254382896,1254382896,,,1254382896,Unfound
,,,,,,,102-105,102-105,,,,Unfound
,,,,,,,245-251,245-251,,,,Unfound
,,,,,,,161-165,161-165,,,,Unfound
,,,,,,,1788535207,1788535207,,,1788535207,Unfound
,,,,,,,1933622213,1933622213,,,1933622213,Unfound
,,,,,,,1425617171,1425617171,,,1425617171,Unfound
,,,,,,,1784493555,1784493555,,,1784493555,Unfound
,,,,,,,1473749927,1473749927,,,1473749927,Unfound
,,,,,,,1202625050,1202625050,,,1202625050,Unfound
,,,,,,,1942726922,1942726922,,,1942726922,Unfound
,,,,,,,1924498003,1924498003,,,1924498003,Unfound
,,,,,,,7441359076,7441359076,,,7441359076,Unfound
,,,,,,,1865587086,1865587086,,,1865587086,Unfound
,,,,,,,1179668775,1179668775,,,1179668775,Unfound
,,,,,,,1254682262,1254682262,,,1254682262,Unfound
,,,,,,,1513788964,1513788964,,,1513788964,Unfound
,,,,,,,4157203,4157203,,,4157203,Unfound
,,,,,,,1675489297,1675489297,,,1675489297,Unfound
,,,,,,,1708223873,1708223873,,,1708223873,Unfound
,,,,,,,4138203,4138203,,,4138203,Unfound
,,,,,,,812204,812204,,,812204,Unfound
,,,,,,,4056210,4056210,,,4056210,Unfound
,,,,,,,1629584800,1629584800,,,1629584800,Unfound
,,,,,,,3801203,3801203,,,3801203,Unfound
,,,,,,,2805104,2805104,,,2805104,Unfound
,,,,,,,1526832461,1526832461,,,1526832461,Unfound
,,,,,,,1539531339,1539531339,,,1539531339,Unfound
,,,,,,,4139202,4139202,,,4139202,Unfound
,,,,,,,4005004,4005004,,,4005004,Unfound
,,,,,,,1753543140,1753543140,,,1753543140,Unfound
,,,,,,,4829203,4829203,,,4829203,Unfound
,,,,,,,1512070932,1512070932,,,1512070932,Unfound
,,,,,,,845071,845071,,,845071,Unfound
,,,,,,,1691662088,1691662088,,,1691662088,Unfound
,,,,,,,4812204,4812204,,,4812204,Unfound
,,,,,,,8000246279,8000246279,,,8000246279,Unfound
,,,,,,,3802203,3802203,,,3802203,Unfound
,,,,,,,1691718896,1691718896,,,1691718896,Unfound
,,,,,,,4138202,4138202,,,4138202,Unfound
,,,,,,,"845570
3801201",,,,,Unfound
,,,,,,,3457740740,3457740740,,,3457740740,Unfound
,,,,,,,4630225,4630225,,,4630225,Unfound
,,,,,,,"900204
3801204",,,,,Unfound
,,,,,,,1262401020,1262401020,,,1262401020,Unfound
,,,,,,,4808210,4808210,,,4808210,Unfound
,,,,,,,1372571200,1372571200,,,1372571200,Unfound
,,,,,,,1801001,1801001,,,1801001,Unfound
,,,,,,,1603763939,1603763939,,,1603763939,Unfound
,,,,,,,3801200,3801200,,,3801200,Unfound
,,,,,,,1236850000,1236850000,,,1236850000,Unfound
,,,,,,,4829204,4829204,,,4829204,Unfound
,,,,,,,3811013,3811013,,,3811013,Unfound
,,,,,,,"3801203
845072",,,,,Unfound
,,,,,,,1803866689,1803866689,,,1803866689,Unfound
,,,,,,,4142204,4142204,,,4142204,Unfound
,,,,,,,4811024,4811024,,,4811024,Unfound
,,,,,,,1362850232,1362850232,,,1362850232,Unfound
,,,,,,,4016203,4016203,,,4016203,Unfound
,,,,,,,1684573635,1684573635,,,1684573635,Unfound
,,,,,,,1395239199,1395239199,,,1395239199,Unfound
,,,,,,,845127,845127,,,845127,Unfound
,,,,,,,1670760331,1670760331,,,1670760331,Unfound
,,,,,,,1919330235,1919330235,,,1919330235,Unfound
,,,,,,,845424,845424,,,845424,Unfound
,,,,,,,1234752016,1234752016,,,1234752016,Unfound
,,,,,,,4005014,4005014,,,4005014,Unfound
,,,,,,,1384254005,1384254005,,,1384254005,Unfound
,,,,,,,3801007,3801007,,,3801007,Unfound
,,,,,,,1912724244,1912724244,,,1912724244,Unfound
,,,,,,,4811004,4811004,,,4811004,Unfound
,,,,,,,900374,900374,,,900374,Unfound
,,,,,,,1622360131,1622360131,,,1622360131,Unfound
,,,,,,,1305788288,1305788288,,,1305788288,Unfound
,,,,,,,3801004,3801004,,,3801004,Unfound
,,,,,,,1752604194,1752604194,,,1752604194,Unfound
,,,,,,,3801024,3801024,,,3801024,Unfound
,,,,,,,1162405200,1162405200,,,1162405200,Unfound
,,,,,,,3874202,3874202,,,3874202,Unfound
,,,,,,,7932600182,7932600182,,,7932600182,Unfound
,,,,,,,1767313512,1767313512,,,1767313512,Unfound
,,,,,,,3220200,3220200,,,3220200,Unfound
,,,,,,,1753650507,1753650507,,,1753650507,Unfound
,,,,,,,3800007,3800007,,,3800007,Unfound
,,,,,,,1914891810,1914891810,,,1914891810,Unfound
,,,,,,,3500004,3500004,,,3500004,Unfound
,,,,,,,845058,845058,,,845058,Unfound
,,,,,,,1928567642,1928567642,,,1928567642,Unfound
,,,,,,,1670513532,1670513532,,,1670513532,Unfound
,,,,,,,4874203,4874203,,,4874203,Unfound
,,,,,,,3500024,3500024,,,3500024,Unfound
,,,,,,,1723512024,1723512024,,,1723512024,Unfound
,,,,,,,3136201,3136201,,,3136201,Unfound
,,,,,,,1512365884,1512365884,,,1512365884,Unfound
,,,,,,,845072,845072,,,845072,Unfound
,,,,,,,3007203,3007203,,,3007203,Unfound
,,,,,,,1603266133,1603266133,,,1603266133,Unfound
,,,,,,,4811201,4811201,,,4811201,Unfound
,,,,,,,7806592999,7806592999,,,7806592999,Unfound
,,,,,,,3873201,3873201,,,3873201,Unfound
,,,,,,,(1305)782530,(1305)782530,,,,Unfound
,,,,,,,"845072
3801203",,,,,Unfound
,,,,,,,9007700,9007700,,,77706,Unfound
,,,,,,,1259769999,1259769999,,,1259769999,Unfound
,,,,,,,1422740123,1422740123,,,1422740123,Unfound
,,,,,,,1571822218,1571822218,,,1571822218,Unfound
,,,,,,,1268627111,1268627111,,,1268627111,Unfound
,,,,,,,1932219206,1932219206,,,1932219206,Unfound
,,,,,,,1263837537,1263837537,,,1263837537,Unfound
,,,,,,,7305095678,7305095678,,,7305095678,Unfound
,,,,,,,1173290551,1173290551,,,1173290551,Unfound
,,,,,,,1132444183,1132444183,,,1132444183,Unfound
,,,,,,,1582652211,1582652211,,,1582652211,Unfound
,,,,,,,1706825819,1706825819,,,1706825819,Unfound
,,,,,,,1322862125,1322862125,,,1322862125,Unfound
,,,,,,,1792869829,1792869829,,,1792869829,Unfound
,,,,,,,1217666022,1217666022,,,1217666022,Unfound
,,,,,,,1388833833,1388833833,,,1388833833,Unfound
,,,,,,,1268510136,1268510136,,,1268510136,Unfound
,,,,,,,3457877877,3457877877,,,3457877877,Unfound
,,,,,,,7766975718,7766975718,,,7766975718,Unfound
,,,,,,,1376346989,1376346989,,,1376346989,Unfound
,,,,,,,1642790661,1642790661,,,1642790661,Unfound
,,,,,,,1213590399,1213590399,,,1213590399,Unfound
,,,,,,,1253408868,1253408868,,,1253408868,Unfound
,,,,,,,1697476453,1697476453,,,1697476453,Unfound
,,,,,,,1235771128,1235771128,,,1235771128,Unfound
,,,,,,,1162550137,1162550137,,,1162550137,Unfound
,,,,,,,1619623700,1619623700,,,1619623700,Unfound
,,,,,,,1215588488,1215588488,,,1215588488,Unfound
,,,,,,,1142544400,1142544400,,,1142544400,Unfound
,,,,,,,1756709376,1756709376,,,1756709376,Unfound
,,,,,,,1217666687,1217666687,,,1217666687,Unfound
,,,,,,,1773528888,1773528888,,,1773528888,Unfound
,,,,,,,1279322399,1279322399,,,1279322399,Unfound
,,,,,,,1202471611,1202471611,,,1202471611,Unfound
,,,,,,,8006894171,8006894171,,,8006894171,Unfound
,,,,,,,1614064776,1614064776,,,1614064776,Unfound
,,,,,,,1827286882,1827286882,,,1827286882,Unfound
,,,,,,,1670522478,1670522478,,,1670522478,Unfound
,,,,,,,1908374832,1908374832,,,1908374832,Unfound
,,,,,,,1902651777,1902651777,,,1902651777,Unfound
,,,,,,,1259219923,1259219923,,,1259219923,Unfound
,,,,,,,1239711070,1239711070,,,1239711070,Unfound
,,,,,,,1767313896,1767313896,,,1767313896,Unfound
,,,,,,,1572723004,1572723004,,,1572723004,Unfound
,,,,,,,1159634233,1159634233,,,1159634233,Unfound
,,,,,,,163538002,163538002,,,163538002,Unfound
,,,,,,,1324813760,1324813760,,,1324813760,Unfound
,,,,,,,1992899255,1992899255,,,1992899255,Unfound
,,,,,,,1827287733,1827287733,,,1827287733,Unfound
,,,,,,,1142420303,1142420303,,,1142420303,Unfound
,,,,,,,1322286797,1322286797,,,1322286797,Unfound
,,,,,,,1793490556,1793490556,,,1793490556,Unfound
,,,,,,,1353698297,1353698297,,,1353698297,Unfound
,,,,,,,1263514286,1263514286,,,1263514286,Unfound
,,,,,,,1794324353,1794324353,,,1794324353,Unfound
,,,,,,,1253722729,1253722729,,,1253722729,Unfound
,,,,,,,1248712322,1248712322,,,1248712322,Unfound
,,,,,,,1179736580,1179736580,,,1179736580,Unfound
,,,,,,,1429867779,1429867779,,,1429867779,Unfound
,,,,,,,1189590363,1189590363,,,1189590363,Unfound
,,,,,,,1394382160,1394382160,,,1394382160,Unfound
,,,,,,,4817037,4817037,,,4817037,Unfound
,,,,,,,4554037,4554037,,,4554037,Unfound
,,,,,,,1432277330,1432277330,,,1432277330,Unfound
,,,,,,,1932345345,1932345345,,,1932345345,Unfound
,,,,,,,3801013,3801013,,,3801013,Unfound
,,,,,,,3801110,3801110,,,3801110,Unfound
,,,,,,,1283565255,1283565255,,,1283565255,Unfound
,,,,,,,1843843500,1843843500,,,1843843500,Unfound
,,,,,,,4576140,4576140,,,4576140,Unfound
,,,,,,,1280701555,1280701555,,,1280701555,Unfound
,,,,,,,4807203,4807203,,,4807203,Unfound
,,,,,,,1788825600,1788825600,,,1788825600,Unfound
,,,,,,,3801202,3801202,,,3801202,Unfound
,,,,,,,1974272246,1974272246,,,1974272246,Unfound
,,,,,,,1482591961,1482591961,,,1482591961,Unfound
,,,,,,,3800202,3800202,,,3800202,Unfound
,,,,,,,1603615779,1603615779,,,1603615779,Unfound
,,,,,,,1962733933,1962733933,,,1962733933,Unfound
,,,,,,,3815203,3815203,,,3815203,Unfound
,,,,,,,1704893284,1704893284,,,1704893284,Unfound
,,,,,,,900204,900204,,,900204,Unfound
,,,,,,,1747838325,1747838325,,,1747838325,Unfound
,,,,,,,1234341165,1234341165,,,1234341165,Unfound
,,,,,,,3801014,3801014,,,3801014,Unfound
,,,,,,,3136204,3136204,,,3136204,Unfound
,,,,,,,7801535153,7801535153,,,7801535153,Unfound
,,,,,,,4807204,4807204,,,4807204,Unfound
,,,,,,,1992715894,1992715894,,,1992715894,Unfound
,,,,,,,4069204,4069204,,,4069204,Unfound
,,,,,,,1490450227,1490450227,,,1490450227,Unfound
,,,,,,,3801201,3801201,,,3801201,Unfound
,,,,,,,1604634404,1604634404,,,1604634404,Unfound
,,,,,,,1207529663,1207529663,,,1207529663,Unfound
,,,,,,,3801204,3801204,,,3801204,Unfound
,,,,,,,1162478525,1162478525,,,1162478525,Unfound
,,,,,,,3802201,3802201,,,3802201,Unfound
,,,,,,,1929781443,1929781443,,,1929781443,Unfound
,,,,,,,"3801204
845801",,,,,Unfound
,,,,,,,1908972370,1908972370,,,1908972370,Unfound
,,,,,,,1162355734,1162355734,,,1162355734,Unfound
,,,,,,,7933166599,7933166599,,,7933166599,Unfound
,,,,,,,"3801204
845074",,,,,Unfound
,,,,,,,3339990131,3339990131,,,3339990131,Unfound
,,,,,,,1915169009,1915169009,,,1915169009,Unfound
,,,,,,,1142345100,1142345100,,,1142345100,Unfound
,,,,,,,7889376885,7889376885,,,7889376885,Unfound
,,,,,,,1773510711,1773510711,,,1773510711,Unfound
,,,,,,,1792366208,1792366208,,,1792366208,Unfound
,,,,,,,1738505601,1738505601,,,1738505601,Unfound
,,,,,,,1254882591,1254882591,,,1254882591,Unfound
,,,,,,,1462436396,1462436396,,,1462436396,Unfound
,,,,,,,7957772630,7957772630,,,7957772630,Unfound
,,,,,,,1162774767,1162774767,,,1162774767,Unfound
,,,,,,,1323430294,1323430294,,,1323430294,Unfound
,,,,,,,1494563373,1494563373,,,1494563373,Unfound
,,,,,,,1482338950,1482338950,,,1482338950,Unfound
,,,,,,,1843229403,1843229403,,,1843229403,Unfound
,,,,,,,29 2089 2232,29 2089 2232,,,,Unfound
,,,,,,,1989767619,1989767619,,,1989767619,Unfound
,,,,,,,1582706368,1582706368,,,1582706368,Unfound
,,,,,,,1204380522,1204380522,,,1204380522,Unfound
,,,,,,,1642211123,1642211123,,,1642211123,Unfound
,,,,,,,1225774780,1225774780,,,1225774780,Unfound
,,,,,,,1923240950,1923240950,,,1923240950,Unfound
,,,,,,,1536260933,1536260933,,,1536260933,Unfound
,,,,,,,1213269098,1213269098,,,1213269098,Unfound
,,,,,,,1915145586,1915145586,,,1915145586,Unfound
,,,,,,,1214727639,1214727639,,,1214727639,Unfound
,,,,,,,20 8658 7596,20 8658 7596,,,,Unfound
,,,,,,,1142433748,1142433748,,,1142433748,Unfound
,,,,,,,1530518900,1530518900,,,1530518900,Unfound
,,,,,,,8715591804,8715591804,,,8715591804,Unfound
,,,,,,,1642844550,1642844550,,,1642844550,Unfound
,,,,,,,1829732509,1829732509,,,1829732509,Unfound
,,,,,,,1253608470,1253608470,,,1253608470,Unfound
,,,,,,,864437/01638 71,,,,,Unfound
,,,,,,,68663003,,,,68663003,Unfound
,,,,,,,1610032037190,,,,,Unfound
,,,,,,,2000005339994,,,,,Unfound
,,,,,,,2334552723810,,,,,Unfound
,,,,,,,1591030809613,,,,,Unfound
,,,,,,,9081599003,,,,9081599003,Unfound
,,,,,,,59915407,,,,129788,Unfound
,,,,,,,2503036100,,,,2503036100,Unfound
,,,,,,,1100050525279,,,,,Unfound
,,,,,,,2464640004,,,,2464640004,Unfound
,,,,,,,1012569814186,,,,,Unfound
,,,,,,,52423002,,,,52423002,Unfound
,,,,,,,8842984406,,,,8842984406,Unfound
,,,,,,,17076603,,,,,Unfound
,,,,,,,1200042262252,,,,,Unfound
,,,,,,,1610020619552,,,,,Unfound
,,,,,,,1591059374482,,,,,Unfound
,,,,,,,8818988909,,,,8818988909,Unfound
,,,,,,,1591028847186,,,,,Unfound
,,,,,,,15501200,,,,15501200,Unfound
,,,,,,,2719623604,,,,1402,Unfound
,,,,,,,1591011430208,,,,,Unfound
,,,,,,,9155872004,,,,9155872004,Unfound
,,,,,,,1800030610968,,,,,Unfound
,,,,,,,1100039202258,,,,,Unfound
,,,,,,,1100005188810,,,,,Unfound
,,,,,,,21412905,,,,21412905,Unfound
,,,,,,,1630000493941,,,,,Unfound
,,,,,,,9326742104,,,,9326742104,Unfound
,,,,,,,3968032909,,,,3968032909,Unfound
,,,,,,,1160000364597,,,,,Unfound
,,,,,,,68906205,,,,68906205,Unfound
,,,,,,,1100005188820,,,,,Unfound
,,,,,,,1200021820681,,,,,Unfound
,,,,,,,1610013827923,,,,,Unfound
,,,,,,,8813728610,,,,8813728610,Unfound
,,,,,,,2336030776014,,,,,Unfound
,,,,,,,9309809405,,,,9309809405,Unfound
,,,,,,,1012484059144,,,,,Unfound
,,,,,,,8835462003,,,,8835462003,Unfound
,,,,,,,1100022065084,,,,,Unfound
,,,,,,,8854580903,,,,8854580903,Unfound
,,,,,,,4032358801,,,,,Unfound
,,,,,,,1900092161766,,,,,Unfound
,,,,,,,2706963001,,,,2706963001,Unfound
,,,,,,,8823523205,,,,8823523205,Unfound
,,,,,,,2000050385618,,,,,Unfound
,,,,,,,8869318203,,,,8869318203,Unfound
,,,,,,,54104007,,,,54104007,Unfound
,,,,,,,48449606,,,,48449606,Unfound
,,,,,,,50717301,,,,50717301,Unfound
,,,,,,,1012772802299,,,,,Unfound
,,,,,,,1012902730217,,,,,Unfound
,,,,,,,8812893710,,,,8812893710,Unfound
,,,,,,,2212347108,,,,2212347108,Unfound
,,,,,,,1460001303960,,,,,Unfound
,,,,,,,2330422230013,,,,,Unfound
,,,,,,,9187366309,,,,9187366309,Unfound
,,,,,,,1050001367240,,,,,Unfound
,,,,,,,3062601603,,,,3062601603,Unfound
,,,,,,,1012687944487,,,,,Unfound
,,,,,,,1200061373209,,,,,Unfound
,,,,,,,3062624301,,,,3062624301,Unfound
,,,,,,,1591028093535,,,,,Unfound
,,,,,,,5061534502,,,,,Unfound
,,,,,,,9296559901,,,,9296559901,Unfound
,,,,,,,8871144206,,,,8871144206,Unfound
,,,,,,,1100050657170,,,,,Unfound
,,,,,,,1630000720385,,,,,Unfound
,,,,,,,8912914710,,,,80435,Unfound
,,,,,,,8892001706,,,,8892001706,Unfound
,,,,,,,8904935307,,,,8904935307,Unfound
,,,,,,,4207314005,,,,4207314005,Unfound
,,,,,,,60389002,,,,60389002,Unfound
,,,,,,,58615300,,,,58615300,Unfound
,,,,,,,2535117308,,,,2535117308,Unfound
,,,,,,,1620001571823,,,,,Unfound
,,,,,,,3945860908,,,,3945860908,Unfound
,,,,,,,1376503500,,,,1376503500,Unfound
,,,,,,,1100039218736,,,,,Unfound
,,,,,,,45885903,,,,45885903,Unfound
,,,,,,,2199999171412,,,,,Unfound
,,,,,,,2778489007,,,,145727,Unfound
,,,,,,,2360441981813,,,,,Unfound
,,,,,,,1267046400,,,,1267046400,Unfound
,,,,,,,1600000029808,,,,,Unfound
,,,,,,,1281450501,,,,23177,Unfound
,,,,,,,2000025253533,,,,,Unfound
,,,,,,,8904100603,,,,79473,Unfound
,,,,,,,8832466209,,,,67454,Unfound
,,,,,,,2000006523748,,,,,Unfound
,,,,,,,1200034849110,,,,,Unfound
,,,,,,,1200010033399,,,,,Unfound
,,,,,,,1012345743127,,,,,Unfound
,,,,,,,50912602,,,,50912602,Unfound
,,,,,,,9324034201,,,,9324034201,Unfound
,,,,,,,505704603,,,,505704603,Unfound
,,,,,,,8816812008,,,,8816812008,Unfound
,,,,,,,61123810,,,,61123810,Unfound
,,,,,,,77717405,,,,77717405,Unfound
,,,,,,,1100014703732,,,,,Unfound
,,,,,,,2000022403870,,,,,Unfound
,,,,,,,3305282108,,,,3305282108,Unfound
,,,,,,,8826671303,,,,8826671303,Unfound
,,,,,,,622402310,,,,622402310,Unfound
,,,,,,,9220415309,,,,9220415309,Unfound
,,,,,,,519361210,,,,,Unfound
,,,,,,,60747002,,,,,Unfound
,,,,,,,2332150150410,,,,,Unfound
,,,,,,,3958504200,,,,3958504200,Unfound
,,,,,,,18847308,,,,126122,Unfound
,,,,,,,1800032067364,,,,,Unfound
,,,,,,,2320215371316,,,,,Unfound
,,,,,,,1012666784710,,,,,Unfound
,,,,,,,2324467061013,,,,,Unfound
,,,,,,,60139102,,,,43179,Unfound
,,,,,,,1300008883749,,,,,Unfound
,,,,,,,1800031705681,,,,,Unfound
,,,,,,,2750303104,,,,20133,Unfound
,,,,,,,19168910,,,,132058,Unfound
,,,,,,,1100000922685,,,,,Unfound
,,,,,,,57526509,,,,55254,Unfound
,,,,,,,4807202,,,,4807202,Unfound
,,,,,,,1288067605,,,,18421,Unfound
,,,,,,,2310490497815,,,,,Unfound
,,,,,,,1012946632610,,,,,Unfound
,,,,,,,1100013207831,,,,,Unfound
,,,,,,,49972009,,,,137117,Unfound
,,,,,,,1012863951520,,,,,Unfound
,,,,,,,2345190784418,,,,,Unfound
,,,,,,,88166910,,,,7659,Unfound
,,,,,,,2000025698576,,,,,Unfound
,,,,,,,1012491549090,,,,,Unfound
,,,,,,,1900017108670,,,,,Unfound
,,,,,,,12172506,,,,12172506,Unfound
,,,,,,,1100006870702,,,,,Unfound
,,,,,,,1591028892658,,,,,Unfound
,,,,,,,1100007334280,,,,,Unfound
,,,,,,,1410416530009,,,,,Unfound
,,,,,,,8832712108,,,,1,Unfound
,,,,,,,2200018833725,,,,,Unfound
,,,,,,,1610005203413,,,,,Unfound
,,,,,,,2164645700,,,,641,Unfound
,,,,,,,1100014649058,,,,,Unfound
,,,,,,,2200018712700,,,,,Unfound
,,,,,,,1100012555693,,,,,Unfound
,,,,,,,8815945000,,,,39404,Unfound
,,,,,,,2200011625831,,,,,Unfound
,,,,,,,2200017187380,,,,,Unfound
,,,,,,,58250005,,,,,Unfound
,,,,,,,1800032703505,,,,,Unfound
,,,,,,,1800018424288,,,,,Unfound
,,,,,,,1800026671426,,,,,Unfound
,,,,,,,2199998893580,,,,,Unfound
,,,,,,,1415449691001,,,,,Unfound
,,,,,,,2000016207131,,,,,Unfound
,,,,,,,9133497004,,,,9133497004,Unfound
,,,,,,,2000020469053,,,,,Unfound
,,,,,,,1800030102627,,,,,Unfound
,,,,,,,1591015354952,,,,,Unfound
,,,,,,,2000020122650,,,,,Unfound
,,,,,,,86567503,,,,86567503,Unfound
,,,,,,,9185893603,,,,9185893603,Unfound
,,,,,,,2000021246996,,,,,Unfound
,,,,,,,2000053704306,,,,,Unfound
,,,,,,,1900045325359,,,,,Unfound
,,,,,,,59898209,,,,59898209,Unfound
,,,,,,,18947604,,,,179927,Unfound
,,,,,,,1012971293447,,,,,Unfound
,,,,,,,57785107,,,,,Unfound
,,,,,,,1100024217378,,,,,Unfound
,,,,,,,1610001392860,,,,,Unfound
,,,,,,,58884507,,,,34612,Unfound
,,,,,,,1610002487325,,,,,Unfound
,,,,,,,1568513701,,,,1568513701,Unfound
,,,,,,,1753654006,,,,1753654006,Unfound
,,,,,,,1412662311000,,,,,Unfound
,,,,,,,1620000379536,,,,,Unfound
,,,,,,,66803409,,,,28200,Unfound
,,,,,,,1419045360006,,,,,Unfound
,,,,,,,1610018517967,,,,,Unfound
,,,,,,,65086200,,,,,Unfound
,,,,,,,1012800174821,,,,,Unfound
,,,,,,,1610029426244,,,,,Unfound
,,,,,,,3366132804,,,,21928,Unfound
,,,,,,,1900038065428,,,,,Unfound
,,,,,,,60035101,,,,60035101,Unfound
,,,,,,,1900043236228,,,,,Unfound
,,,,,,,4242554810,,,,4242554810,Unfound
,,,,,,,9182141809,,,,9182141809,Unfound
,,,,,,,2199997540677,,,,,Unfound
,,,,,,,8813003509,,,,8813003509,Unfound
,,,,,,,48592409,,,,48592409,Unfound
,,,,,,,1100014693127,,,,,Unfound
,,,,,,,2199999606958,,,,,Unfound
,,,,,,,1700051351414,,,,,Unfound
,,,,,,,1012594187284,,,,,Unfound
,,,,,,,1805477109,,,,1805477109,Unfound
,,,,,,,1591052658010,,,,,Unfound
,,,,,,,3953336606,,,,3953336606,Unfound
,,,,,,,1100001640941,,,,,Unfound
,,,,,,,1900041299323,,,,,Unfound
,,,,,,,1412661181004,,,,,Unfound
,,,,,,,2426469208,,,,28465,Unfound
,,,,,,,2100040226631,,,,,Unfound
,,,,,,,594930101,,,,594930101,Unfound
,,,,,,,1050000861602,,,,,Unfound
,,,,,,,1012525121502,,,,,Unfound
,,,,,,,1300004166657,,,,,Unfound
,,,,,,,1610022303411,,,,,Unfound
,,,,,,,3976557100,,,,3976557100,Unfound
,,,,,,,3317674310,,,,3317674310,Unfound
,,,,,,,1591046137121,,,,,Unfound
,,,,,,,8817613905,,,,8817613905,Unfound
,,,,,,,1100025228041,,,,,Unfound
,,,,,,,1580000581851,,,,,Unfound
,,,,,,,1900060230185,,,,,Unfound
,,,,,,,2200024175469,,,,,Unfound
,,,,,,,1100008291255,,,,,Unfound
,,,,,,,1425206000000,,,,,Unfound
,,,,,,,2000010630896,,,,,Unfound
,,,,,,,2199994864814,,,,,Unfound
,,,,,,,1100025529443,,,,,Unfound
,,,,,,,1411551091001,,,,,Unfound
,,,,,,,1023545736918,,,,,Unfound
,,,,,,,1630000580327,,,,,Unfound
,,,,,,,2341130864719,,,,,Unfound
,,,,,,,1591058041023,,,,,Unfound
,,,,,,,2300000698784,,,,,Unfound
,,,,,,,2000006302851,,,,,Unfound
,,,,,,,1012967881856,,,,,Unfound
,,,,,,,1630000580345,,,,,Unfound
,,,,,,,2000057872078,,,,,Unfound
,,,,,,,1418919310004,,,,,Unfound
,,,,,,,1507073300118,,,,,Unfound
,,,,,,,2000024733964,,,,,Unfound
,,,,,,,1591058087472,,,,,Unfound
,,,,,,,2000024682050,,,,,Unfound
,,,,,,,2000023151254,,,,,Unfound
,,,,,,,1012994488711,,,,,Unfound
,,,,,,,2199998324380,,,,,Unfound
,,,,,,,1900027241653,,,,,Unfound
,,,,,,,1100770950370,,,,,Unfound
,,,,,,,1100001906114,,,,,Unfound
,,,,,,,2000023997817,,,,,Unfound
,,,,,,,1200021803686,,,,,Unfound
,,,,,,,1100020794812,,,,,Unfound
,,,,,,,1100020365861,,,,,Unfound
,,,,,,,1460000845066,,,,,Unfound
,,,,,,,1570000136884,,,,,Unfound
,,,,,,,1013073601580,,,,,Unfound
,,,,,,,1580001192219,,,,,Unfound
,,,,,,,1421912100000,,,,,Unfound
,,,,,,,1200010116497,,,,,Unfound
,,,,,,,1200010182081,,,,,Unfound
,,,,,,,2336525405213,,,,,Unfound
,,,,,,,1591062979425,,,,,Unfound
,,,,,,,2326520036010,,,,,Unfound
,,,,,,,1591049561034,,,,,Unfound
,,,,,,,1100018027885,,,,,Unfound
,,,,,,,1300011568097,,,,,Unfound
,,,,,,,1023508218353,,,,,Unfound
,,,,,,,1100004561594,,,,,Unfound
,,,,,,,1419564450005,,,,,Unfound
,,,,,,,1422448100002,,,,,Unfound
,,,,,,,2100041716060,,,,,Unfound
,,,,,,,1100039355752,,,,,Unfound
,,,,,,,1630000580318,,,,,Unfound
,,,,,,,1418163350004,,,,,Unfound
,,,,,,,1418972850006,,,,,Unfound
,,,,,,,1591053420822,,,,,Unfound
,,,,,,,1300004997692,,,,,Unfound
,,,,,,,1800035237417,,,,,Unfound
,,,,,,,2000022406862,,,,,Unfound
,,,,,,,2200040300458,,,,,Unfound
,,,,,,,2200013704547,,,,,Unfound
,,,,,,,1012716062906,,,,,Unfound
,,,,,,,1700051265313,,,,,Unfound
,,,,,,,1200010180980,,,,,Unfound
,,,,,,,2000006298099,,,,,Unfound
,,,,,,,1460001824350,,,,,Unfound
,,,,,,,1300034501898,,,,,Unfound
,,,,,,,1640000784836,,,,,Unfound
,,,,,,,2360865659526,,,,,Unfound
,,,,,,,1300034485260,,,,,Unfound
,,,,,,,1591060042694,,,,,Unfound
,,,,,,,1012362299440,,,,,Unfound
,,,,,,,1100021173860,,,,,Unfound
,,,,,,,1200021743089,,,,,Unfound
,,,,,,,1012345802697,,,,,Unfound
,,,,,,,1900011281900,,,,,Unfound
,,,,,,,1200010211281,,,,,Unfound
,,,,,,,1640000485877,,,,,Unfound
,,,,,,,1160000372826,,,,,Unfound
,,,,,,,2000027357225,,,,,Unfound
,,,,,,,1200037700840,,,,,Unfound
,,,,,,,1100002800989,,,,,Unfound
,,,,,,,1200023901809,,,,,Unfound
,,,,,,,1013092779210,,,,,Unfound
,,,,,,,1012516187385,,,,,Unfound
,,,,,,,1200010217585,,,,,Unfound
,,,,,,,2100041020814,,,,,Unfound
,,,,,,,1023501406902,,,,,Unfound
,,,,,,,1620000180361,,,,,Unfound
,,,,,,,1200051128623,,,,,Unfound
,,,,,,,1013041639863,,,,,Unfound
,,,,,,,2000000672899,,,,,Unfound
,,,,,,,1422930000009,,,,,Unfound
,,,,,,,1200038447956,,,,,Unfound
,,,,,,,2000019795197,,,,,Unfound
,,,,,,,2000027429785,,,,,Unfound
,,,,,,,2000000171616,,,,,Unfound
,,,,,,,1200052543033,,,,,Unfound
,,,,,,,1415556751005,,,,,Unfound
,,,,,,,1200039247280,,,,,Unfound
,,,,,,,2000027622310,,,,,Unfound
,,,,,,,1415337040004,,,,,Unfound
,,,,,,,1900035134743,,,,,Unfound
,,,,,,,1200021333387,,,,,Unfound
,,,,,,,1200061258481,,,,,Unfound
,,,,,,,2000027916486,,,,,Unfound
,,,,,,,2199994439282,,,,,Unfound
,,,,,,,2331909876718,,,,,Unfound
,,,,,,,2200030056287,,,,,Unfound
,,,,,,,1200039486575,,,,,Unfound
,,,,,,,2200030003531,,,,,Unfound
,,,,,,,1580000013414,,,,,Unfound
,,,,,,,2323885510412,,,,,Unfound
,,,,,,,4811204,,,,4811204,Unfound
,,,,,,,1100020340184,,,,,Unfound
,,,,,,,1200035721030,,,,,Unfound
,,,,,,,1013075447565,,,,,Unfound
,,,,,,,1620000718645,,,,,Unfound
,,,,,,,2200012737550,,,,,Unfound
,,,,,,,1200021994848,,,,,Unfound
,,,,,,,1014570373509,,,,,Unfound
,,,,,,,1800019599420,,,,,Unfound
,,,,,,,2332152430716,,,,,Unfound
,,,,,,,1600000004088,,,,,Unfound
,,,,,,,2199999298387,,,,,Unfound
,,,,,,,2100040668210,,,,,Unfound
,,,,,,,2000007563389,,,,,Unfound
,,,,,,,1610028533060,,,,,Unfound
,,,,,,,1610028533070,,,,,Unfound
,,,,,,,1428123100008,,,,,Unfound
,,,,,,,1012734631030,,,,,Unfound
,,,,,,,1424058100001,,,,,Unfound
,,,,,,,1800030402732,,,,,Unfound
,,,,,,,2310106892018,,,,,Unfound
,,,,,,,1900021420492,,,,,Unfound
,,,,,,,1012894511621,,,,,Unfound
,,,,,,,1200035910440,,,,,Unfound
,,,,,,,1610021865701,,,,,Unfound
,,,,,,,2315354881215,,,,,Unfound
,,,,,,,2200016314598,,,,,Unfound
,,,,,,,1100040283033,,,,,Unfound
,,,,,,,2000022210963,,,,,Unfound
,,,,,,,1012387604967,,,,,Unfound
,,,,,,,2360484019313,,,,,Unfound
,,,,,,,1215800300,,,,1215800300,Unfound
,,,,,,,2199996809675,,,,,Unfound
,,,,,,,1030055006343,,,,,Unfound
,,,,,,,1012837248756,,,,,Unfound
,,,,,,,1012648266957,,,,,Unfound
,,,,,,,1610028731641,,,,,Unfound
,,,,,,,1300005025326,,,,,Unfound
,,,,,,,2000001490896,,,,,Unfound
,,,,,,,1900019393893,,,,,Unfound
,,,,,,,1900026129621,,,,,Unfound
,,,,,,,1012557530348,,,,,Unfound
,,,,,,,1900011375717,,,,,Unfound
,,,,,,,1410795970000,,,,,Unfound
,,,,,,,1900042359114,,,,,Unfound
,,,,,,,1012592689750,,,,,Unfound
,,,,,,,2200015958403,,,,,Unfound
,,,,,,,2200010130138,,,,,Unfound
,,,,,,,2200015958398,,,,,Unfound
,,,,,,,1914063101,,,,4184,Unfound
,,,,,,,1300001483301,,,,,Unfound
,,,,,,,1200051288665,,,,,Unfound
,,,,,,,1012489807300,,,,,Unfound
,,,,,,,1591047853866,,,,,Unfound
,,,,,,,1100039367206,,,,,Unfound
,,,,,,,1100039509509,,,,,Unfound
,,,,,,,1484602101,,,,1484602101,Unfound
,,,,,,,1900060659700,,,,,Unfound
,,,,,,,1800017321944,,,,,Unfound
,,,,,,,9108514209,,,,9108514209,Unfound
,,,,,,,1300013611025,,,,,Unfound
,,,,,,,1900037205458,,,,,Unfound
,,,,,,,12711600,,,,,Unfound
,,,,,,,2072247306,,,,21490,Unfound
