Site Building Name,Site Street No,Site Street 1,Site Street 2,Site Town,Site Postcode,MPAN Topline,Meter Number,Usage,Proposed Start Date,Energization Status,Annualised AQ
Bridge House,,Green Hills,,Canterbury,CT4 6LE,04004204,1900017203553,35851,28/7/2027,E,
,5,Uxbridge Road,,LONDON,W12 8LJ,03801201,1200032981786,17204,2/11/2025,E,
Welcome Change Community Hub,316,Kitts Green Road,,Birmingham,B33 9SB,03801N12,1410872151005,5546,1/4/2026,E,
E H Middleton & Son Decorators Ltd,986a,Abbeydale Road,,Sheffield,S7 2QF,0380102C,2331720670719,370,2/11/2025,E,
,4,Great Cliffe Court,,Barnsley,S75 3SP,0380102D,2380000876640,9709,2/11/2025,E,
Unit 1,565,Blandford Road,,Poole,BH16 5BW,03801H06,2000022286234,4185,15/7/2026,E,
,10,Bridge Sreet,,Bishop's Stortford,CM23 2JY,04138203,1012753427328,51762,8/2/2026,E,
ROBERT HOPKINS ENVIRONMENTAL,,BULLOCK STREET,,WEST BROMWICH,B70 7HE,00845H02,1470000270344,,5/4/2026,E,
,5,Mangravet Avenue,,Maidstone,ME15 9BQ,04811202,1900044231220,4365,26/7/2027,E,
YOUTH MINISTRY TRUST,,EMMAUS VILLAGE,,Consett,DH8 9BA,0084505A,1580000429907,,23/8/2026,E,
,,Parsons Bank,,WELSHPOOL,SY21 0RR,04044D03,1300013038065,,2/7/2028,E,
,,Unit F1,,BASINGSTOKE,RG22 6HY,00845H86,2000027428141,,2/3/2026,E,
Unit 7,,Harris Road,,Calne,SN11 9PT,03801H07,2000006786341,12176,1/9/2026,E,
,78,Brook Street,,Chester,CH1 3DN,03801D02,1300010246020,2753,6/3/2026,E,
Matform Business Centre,,Terminus Road,,Chichester,PO19 8UL,03801H02,2000018466949,108177,4/8/2027,E,
,1288,Wimborne Road,,Bournemouth,BH10 7AJ,03801H01,2000020879828,1109,21/2/2026,E,
,,14-15 Beauchamp Place,,London,SW3 1NQ,00845072,1200010251920,,19/9/2027,E,
,1,Worsall Road,,YARM,TS15 9DD,0084505A,1580001159754,,1/1/2028,E,
,99,Uxbridge Road,,London,W12 9DT,03801202,1200032983914,3639,18/9/2026,E,
SOCIAL CLUB,Non-PAF De,Edinburgh Way,,HARLOW,CM20 2DQ,04811202,1012747130842,43678,4/4/2028,E,
Maryland Farm,,Bonness On Solway,,Cumbria,CA7 5AG,04811024,1610031784306,31293,6/8/2027,E,
,,Armstrong Road,,LONDON,SE18 6RS,00845071,1200052005286,,3/6/2027,E,
,,54 Oldfield Road,,Salford,M5 4LZ,03800631,1610018901730,,2/11/2025,D,
Hanley Swan,,Malvern,,Worcs,WR8 0EQ,07800021,1429869100002,,2/11/2025,D,
,154,Church Road,,Hove,BN3 2DL,00900204,1900026428185,,21/3/2026,E,
,18,Frodsham Street,,Chester,CH1 3JL,03801D02,1300010316810,6437,1/9/2026,E,
Tynte Arms Pub,,Enmore,,Bridgwater,TA5 2DP,03801110,2200021381383,15704,7/8/2027,E,
Carpenters Arms,91,Black Lion Lane,,London,W6 9BG,03801204,1200038234670,62431,8/10/2026,E,
Reg:Winchester,,83 High Street,,Winchester,SO23 9AP,03801H02,2000024617308,6159,30/6/2027,E,
Trowers Way Centre,,Holmethorpe Industrial Estate,,Redhill,RH1 2LH,03812204,1900060572529,16545,14/11/2026,E,
BUTLER'S COTTAGE,,OTTERBURN TOWER HOTEL,,Newcastle upon Tyne,NE19 1NS,0084505A,1592001104090,,2/1/2026,E,
,52,Terminal House,,London,SW1W 0AW,03801204,1200027479834,32020,24/11/2026,E,
Island Farm,,Island Farm Road,,Reading,RG7 4ES,03500H03,2000011253036,,15/11/2026,E,
,6,Princess Street,,BURNHAM-ON-SEA,TA8 1EH,04818251,2200021886861,256,15/6/2028,E,
THE HEALTH CLUB,570-574,COMMERCIAL ROAD,,LONDON,E14 7JD,03004204,1200039657976,84614,17/3/2026,E,
,,Higher Suffenton Farm,,Bodmin,PL30 3LN,04808N12,2200022161029,9507,4/9/2026,E,
PORTA VIA,179,BANK STREET,,COATBRIDGE,ML5 1HA,03826D04,1800015652587,26760,9/8/2027,E,
,1,Tower Street,,Coventry,CV1 1JS,06801N12,1100039357848,5181,11/9/2026,E,
New Sports Hall,,Chequers Way,,Reading,RG5 3EL,00845H86,2000027850480,,23/8/2027,E,
,27,Westgate,,Tadcaster,LS24 9JB,0380102B,2344545744510,13393,3/12/2027,E,
,57,High Street,,BRIDGWATER,TA6 3BG,03801N12,2200021372175,8505,15/6/2027,E,
Dual Brown & Sons Ltd,,Ross Road,,Stockton-on-Tees,TS18 2NH,0084505B,1599033649258,,1/9/2027,E,
Sawmill,,Heathside Millstone Lane,,Nantwich,CW5 5PN,03801D04,1300007867212,25648,18/3/2026,E,
,24,Leslie Street,,BLAIRGOWRIE,PH10 6AH,03801P07,1717388815003,7874,2/11/2026,E,
Unit 1,9,Leigh Road,,Havant,PO9 2ES,03801H01,2000027723063,1678,5/9/2026,E,
,31,West Street,,Blandford Forum,DT11 7AW,03801H06,2000050607799,20645,10/8/2027,E,
LL supply,,mateo drive,,Bournemouth,BH9 2FD,03801H01,2000020932598,,29/7/2026,E,
,88,Borough High Street,,London,SE1 1LL,00800071,1200010187052,,2/11/2025,D,
,25,The Downs,,Altrincham,WA14 2QD,04811024,1610027478960,105238,12/8/2026,E,
ROOF TOP CAR PARK,,Stonebow House,,YORK,YO1 7NP,03800998,1591016344290,,2/11/2025,D,
The Barn Fruit Farm,,Ely Road,,Chittering,CB25 5PH,00900202,1023503251505,,15/4/2028,E,
,,Stanmoor Road,,BRIDGWATER,TA7 0RX,03801110,2200040916303,7,4/2/2026,E,
,16-17,Chancel Way,,Halesowen,B62 8SE,04811N13,1414391190008,828,20/11/2025,E,
,38,Church Road,,HIGHBRIDGE,TA9 4RL,00845N13,2200030042559,,8/9/2026,E,
,,"A North Shore,Crawford Lodge",,Ardrossan,KA22 8PG,00900D04,1800035226220,,19/3/2026,E,
J Greeley Butcher,27,Winter Hey Lane,,Bolton,BL6 7AD,04811024,1610030329099,96410,11/8/2027,E,
,1,Kings Road,,Bristol,BS4 3HH,04800251,2200015272547,,2/11/2025,D,
Retail Unit,24,Queen Street,,Portsmouth,PO1 3HN,03801H06,2000053656887,7772,24/6/2028,E,
Cleveland Motor Factors,102,Station Road,,Redcar,TS10 1RQ,0380102B,1591040924182,8175,4/1/2028,E,
Richardson Fabrication,,Skitham Lane,,Preston,PR3 6BE,03801014,1620000272998,4191,1/11/2026,E,
,9,High Street,,Billericay,CM12 9BE,04811204,1012564606986,17722,17/9/2027,E,
,316,Barnsley Road,,Barnsley,S72 8TD,0380102A,2334809045913,2834,13/5/2027,E,
,41,Lion House,,Leeds,LS1 2ED,0380102C,2340270871417,8650,12/3/2026,E,
,60,Spencer Street,,BIRMINGHAM,B18 6DS,00845127,1410136831000,,17/9/2026,E,
,,189a Oxford Street,,Barrow-In-Furness,LA14 5QF,03801004,1610005800420,3671,22/3/2026,E,
,3,Farm Road,,Hove,BN3 1FB,04829201,1900015374220,16613,8/9/2026,E,
,,249-251 Dickson Road,,Blackpool,FY1 2JH,04005171,1610003700087,11737,12/8/2027,E,
,74,Green Road,,Bournemouth,BH9 1EB,03800H01,2000020700399,,2/11/2025,D,
,701,City Point,,Manchester,M32 0RW,03801024,1610027273620,17200,1/3/2026,E,
The Church,,,,Carmarthen,SA33 4PR,03801200,2199999092860,,1/3/2027,E,
Forty Two The Calls,42,The Calls,,Leeds,LS2 7EW,0090002D,2346532811116,,2/11/2025,E,
Pavilion,,Broadway Road,,LIGHTWATER,GU18 5SJ,03801H01,2000003530219,58,26/9/2027,E,
,34,Loampit Hill,,London,SE13 7SW,03801203,1200036688838,17636,9/7/2027,E,
,23,Greenhey Place,,Lancashire,WN8 9SA,03801014,1610010886401,21303,1/3/2027,E,
,788,Oldham Road,,Manchester,M35 9FE,03801004,1610023796592,6940,9/4/2028,E,
The Barn,,Parnell Road,,Clevedon,BS21 6DD,06800001,2200032096398,,1/1/2017,D,
Shop;5a,,,,Bognor Regis,PO21 4TW,03801H02,2000019175235,23099,23/3/2026,E,
,,1B The Cross,,Buckley,CH7 2ED,03802D01,1300009208771,755,8/9/2026,E,
Fleetwood Dental Laboratories,145,Poulton Road,,Fleetwood,FY7 7AP,03801004,1610004894603,4699,15/8/2027,E,
,9,Redcatch Road,,Bristol,BS4 2EP,03801110,2200015312508,3828,1/4/2026,E,
,334A,Lewisham High Street,,London,SE13 6LE,04874203,1200021885280,34691,27/3/2026,E,
THE WHITE HART PUB,0,Wrington Road,,Bristol,BS49 5AR,00845N14,2200030037860,,3/2/2026,E,
,348,Chester Road,,MANCHESTER,M16 9EZ,,1610027203429,1420,2/11/2025,1,
,87,Whiteladies Road,,Bristol,BS8 2NT,03801110,2200016350080,2626,15/9/2028,E,
,26,South View,,STANLEY,DH9 7UD,0480702B,1591020977240,7303,1/7/2028,E,
,15,Wood Street,,Bolton,BL1 1EB,04511591,1610029818499,,2/11/2025,D,
,1c,Eshton Road,,SKIPTON,BD23 3SE,0380102B,2310174833011,7206,1/4/2028,E,
,0,Rose Avenue,,Tyne And Wear,NE16 4PF,0084502D,1591023846337,,1/4/2026,E,
Launderette,8,Grosvenor Road,,Aldershot,GU11 1DP,03801H07,2000016979594,13287,16/8/2027,E,
,397,Lewisham High Street,,London,SE13 6PG,03801204,1200021886098,19381,30/9/2027,E,
,9a,Gate Lane,,Sutton Coldfield,B73 5TR,03801007,1419186621001,663,11/9/2026,E,
OLD PREBENDAL HOUSE,,STATION ROAD,,CHIPPING NORTON,OX7 6BQ,00845H86,2000027363734,,1/4/2027,E,
,40,Wilton Road,,Reading,RG30 2SS,03801H02,2000011521619,4079,2/11/2025,E,
,128,High Street,,BRISTOL,BS16 5HH,04042210,2200017470181,,2/11/2025,E,
Old Laundry Block,,Clevedon Hall Estate,,North Somerset,BS21 7RQ,03801110,2200040324389,7976,1/1/2026,E,
Units 3 & 4,6,Wallis Road,,Middlesbrough,TS6 6JB,0380102C,1591056976280,,11/1/2026,E,
,15,St. Peg Lane,,CLECKHEATON,BD19 3SA,0482902C,2325461311018,,12/10/2025,E,
,,Unit 7,,Blackpool,FY4 5GU,03801014,1630000583968,11621,1/4/2026,E,
,40,Glenacre Road,,Glasgow,G67 2NX,00900D04,1800035242338,,25/8/2027,E,
Redford Sawmill,,Redford,,Arbroath,DD11 2RD,03801R54,1716708123224,57545,12/9/2026,E,
The Lamplighters,,Station Road,,Bristol,BS11 9XA,00900N14,2200030000920,,26/1/2026,E,
,25,Commercial Road,,PORT TALBOT,SA13 1LN,03801200,2199996662338,121,2/11/2025,E,
,242,High Street,,CROYDON,CR0 1NF,04811204,1900027111174,149069,7/9/2027,E,
,,Beggar Bush Lane,,BRISTOL,BS8 3TH,03801N13,2200015800940,11849,7/10/2028,E,
Lion House,3,Plough Yard Road,,London,EC2A 3LP,03800202,1200028459713,,2/11/2025,D,
,25,Boulevard,,WESTON-SUPER-MARE,BS23 1NX,03801N13,2200012977982,18508,24/7/2028,E,
,2a,Priory Street,,BIRKENHEAD,CH41 5JH,04043D02,1300006425624,9611,25/3/2027,E,
,27,Hest Bank Lane,,LANCASTER,LA2 6DG,03801024,1610023119562,50152,6/12/2026,E,
Tyn Lon Garage,,Ffordd Caergybi,,Llanfairpwllgwyngyll,LL61 5SX,00845D04,1300035431805,,1/4/2026,E,
Longhill,,Elmstone Hardwicke,,Cheltenham,GL51 9TB,00845L02,1424929100000,,14/9/2026,E,
,11-15,Hallcraig Street,,Airdrie,ML6 6AH,03801D01,1800015056069,15629,27/8/2027,E,
,,1A GARRATT CLOSE,,CROYDON,CR0 4PW,03801201,1900060189119,15104,1/10/2028,E,
,,Quarry Steps Clifton,,Bristol,BS8 2UD,03801110,2200016370885,2132,3/1/2026,E,
,68,Cromford Road,,RIPLEY,DE5 3FP,04828N14,1100008251944,,14/4/2027,E,
The Focsle Inn,,Seaside,,Ilfracombe,EX34 0DJ,00900N14,2200030078485,,26/6/2027,E,
B Sternberg & Sons,23A,Elizabeth Street,,Manchester,M8 8BB,03801631,1610018635011,5349,2/11/2025,E,
,45,Centenary Street,,CAMBORNE,TR14 8HP,04042N13,2200023439821,8153,25/10/2026,E,
T & A Motors,,Unit 7C Treenwood Industrial Estate,,Bradford On Avon,BA15 2AU,03801H02,2000006225737,7285,15/9/2026,E,
"JONIC ENGINEERING LI, 2A",,SPEEDWELL ROAD,,BIRMINGHAM,B25 8EU,00845L02,1420017100004,,1/4/2026,E,
,200a,Bury Road,,BURY,BL8 3DX,03801014,1610028694663,12615,1/9/2027,E,
,10,Abbotsford Road,,Bristol,BS6 6HB,03801110,2200016326840,3402,16/11/2026,E,
,2,George Street,,Plymouth,PL1 4HN,07801N13,2200030069170,6922,15/3/2026,E,
Chameleon,244,Denton Lane,,Oldham,OL9 8PE,03801004,1610002188463,3183,31/7/2026,E,
Queensbury Baptist Chapel,,Chapel Lane,,Bradford,BD13 2PZ,0481102B,2390000012838,1795,2/11/2025,E,
,231,Violet Lane,,Croydon,CR0 4HN,03801204,1900029109780,26716,1/7/2026,E,
Unit 26,,Claycliffe Business Park,,SOUTH YORKSHIRE,S75 1JU,0380102D,2380000751091,24051,8/11/2027,E,
,19,Chester Street,,Chester,CH4 8BL,03801D02,1300010262280,9603,8/1/2028,E,
Unit 30,,Irlam Business Centre,,Manchester,M44 6GP,03801631,1630000638233,3687,10/4/2026,E,
,164,Tonge Moor Road,,"Bolton, LANCASHIRE",BL2 2HN,03801631,1610029841061,5546,1/4/2026,E,
Atlas,8,St. Davids Road South,,Lancashire,FY8 1TB,04005024,1610004555270,41961,7/9/2027,E,
,68,Mill Street,,Alloa,FK10 1DY,00900D04,1800035295117,,16/9/2026,E,
,,58-62 Bristol Hill,,Bristol,BS4 5AB,03801110,2200015197777,8171,7/11/2026,E,
First Floor,,3A Mitcham Road,,Croydon,CR0 3RU,03801202,1900070808185,12316,21/4/2028,E,
Farm Building,,Village Farm,,PICKERING,YO18 7LE,0380102B,1580000899477,5589,27/1/2027,E,
80A,,Tower Road,,Newquay,TR7 1LY,03800110,2200022102413,,2/11/2025,D,
,,Ripley Road,,BRADFORD,BD4 7EX,0380102D,2380000348837,58479,2/4/2028,E,
Oxhill Central Club,1,Eden Terrace,,Co.Durham,DH9 7LW,0380102A,1591023659031,,21/8/2026,E,
Community Centre,,Pennys Walk,,FERNDOWN,BH22 9TH,00845H86,2000027446034,,15/9/2028,E,
,205,Bramcote Lane,,Nottingham,NG8 2QJ,04031N12,1100005172990,65055,22/4/2026,E,
Eastheath House,,Eastheath Avenue,,Wokingham,RG41 2PR,03801H02,2000005184850,47760,2/11/2025,E,
First & Second Floor,9,Queens Road,,BRIGHTON,BN1 3WA,03801202,1900031389495,2212,3/4/2026,E,
,325,Bury Road,,BOLTON,BL2 6BB,03801631,1610029803066,4169,19/9/2026,E,
Jan Wilkinson And Son Ltd,334,Park Lane,,Poulton Le Fylde,FY6 0LU,00845074,1620001136540,,13/9/2027,E,
St Stephens Parish Church,,Weir Road,,London,SW12 0LT,03801203,1200041789983,3661,2/11/2025,E,
,,Novers Park Road,,Bristol,BS4 1RN,03801N13,2200015564615,56430,15/12/2025,E,
,,Rawtenstall Road End,,ROSSENDALE,BB4 6QE,04811014,1610022691374,21529,10/9/2027,E,
Vithal House,86,North Street,,Manchester,M8 8RA,00800801,1600000066242,,2/11/2025,D,
,263,Oxford Road,,READING,RG1 7PY,00900456,2000055552140,,2/11/2025,E,
,12-14,Adelaide Street,,BRADFORD,BD5 0EA,0380102A,2312708544110,1636,2/11/2025,E,
,1,Pegasus Way,,Melksham,SN12 6TR,03801H09,2000006524556,25468,3/4/2026,E,
First Floor,2,,,Brunswick Road,BN3 1DG,03801203,1900045335979,12364,26/9/2027,E,
,87,Cliveden Road,,CHESTER,CH4 8DS,03801D04,1300010273149,4040,20/9/2026,E,
,508,Wimborne Road,,Bournemouth,BH9 2EX,04576140,2000020872210,,6/9/2026,E,
,,Poynders Road,,London,SW4 8NX,03801203,1200034357253,4537,4/7/2027,E,
,,Henry Street,,ROCHDALE,OL11 1EN,03801631,1630000491698,13538,2/11/2025,D,
Travellers Rest,,Trevarrian,,NEWQUAY,TR8 4AQ,06027N14,2200030114186,60549,12/2/2026,E,
Golden Lion,42,Beeston Road,,Leeds,LS11 8RP,0380102D,2346552500810,7386,18/11/2025,E,
Bradford M D C (s0125e),25,Hallfield Road,,Bradford,BD1 3RP,0380102B,2316102331517,17637,2/3/2028,E,
Unit 2 Rear 82 96,,Bordesley Green,,Birmingham,B9 4TS,03801007,1415909551000,13,28/6/2026,E,
Rollinson House Farm,,Little Scotland,,Bolton,BL6 5LN,04510304,1610011454060,95920,1/10/2026,E,
Stairltg Ltg,6,Kenwood Court,,West Sussex,PO22 7EZ,03801H01,2000018601759,263,4/4/2026,E,
UNIT E4,,3 GRAFTON WAY,,BASINGSTOKE,RG22 6HY,03801H01,2000017851501,4183,1/10/2027,E,
The Thatchers Farm,,Moorland,,Bridgewater,TA7 0AN,04060N14,2200013782331,8066,29/9/2026,E,
,724,Christchurch Road,,Bournemouth,BH7 6BZ,03104H34,2000020463479,65311,6/5/2026,E,
,17-23,Lancing Road,,Croydon,CR0 3EN,00900204,1900043000646,,1/10/2026,E,
,69-71,Whitworth Road,,Rochdale,OL12 0RD,03801274,1610012425682,158,30/5/2026,E,
218-220,,Church Street,,Blackpool,FY1 3PT,03801631,1610004121911,3226,11/10/2026,E,
Trevanion House,,Trevanion Road,,Wadebridge,PL27 7PA,03801110,2200022263486,44020,31/5/2027,E,
RETAIL UNIT 3,3,HARDMAN SQUARE,,MANCHESTER,M3 3EB,,1640000459440,305775,27/11/2027,1,
,12a,North Parade,,Bath,BA2 4AL,03801N14,2200040034582,51629,1/2/2026,E,
,,Barnard Road,,Bradford,BD4 7DX,0380102C,2312720411515,4780,7/4/2026,E,
,5,Castlecroft Road,,Chester,CH4 7QD,04811E03,1300010255488,16469,1/10/2027,E,
,69,Regent Street,,BRISTOL,BS15 8LQ,03801110,2200017792750,13565,2/11/2025,E,
,266,High Street,,Beckenham,BR3 1DZ,00900204,1200010182189,,1/3/2026,E,
,145,Victoria Road,,Aldershot,GU11 1JW,03801H02,2000016977834,5945,30/9/2026,E,
,12,Elbow Lane,,Liverpool,L37 4AW,03801D03,1300000136445,20664,1/10/2026,E,
Cheers Hotel,50,Coronation Street,,Blackpool,FY1 4PD,04811004,1610004102788,3641,17/1/2027,E,
The Ropewalk,,,,Southwell,NG25 0EW,00845L02,1100770781507,,9/10/2026,E,
,,Tong Road,,Leeds,LS12 4QG,0480004A,2340532940423,,2/11/2025,D,
,145,Aylward Street,,LONDON,E1 0QW,03801202,1200033034405,15095,2/11/2025,E,
,,"Newby Road Industrial Estate, Newby Road",,STOCKPORT,SK7 5DA,00845074,1620001095831,,1/11/2026,E,
Old Lamplight Works,,Ashcroft Road,,Liverpool,L33 7TW,03801D01,1300052601888,2432,3/6/2028,E,
Outbuilding,,Vicarage Farm,,Delabole,PL33 9DZ,04042210,2200022240503,92,15/4/2026,E,
,105,Rose Green Road,,Bognor Regis,PO21 3ED,04044H17,2000019017724,13097,30/9/2026,E,
,85,Donnington Park,,CHICHESTER,PO20 7DU,04811H18,2000018474754,39329,1/10/2027,E,
,16,Rose Street,,Wokingham,RG40 1XU,03801H02,2000005373499,2401,24/11/2026,E,
,1-8,Clinton Street,,NEWARK,NG24 4AE,04811037,1100003123430,8810,12/3/2027,E,
"Unit 1,",,Wandle Trading Estate,,Mitcham,CR4 4HW,03800203,1900013081183,,2/11/2025,D,
Waterlip Mill,,Cranmore,,Shepton Mallet,BA4 4RN,00845540,2200030032560,,1/12/2026,E,
Ings View Service Station Ltd,,Shipton Road,,YORK,YO30 5RB,0780102C,1591052532753,,3/8/2026,E,
CLUB LTD,0,Kirkham Street,,Paignton,TQ3 3AX,00900N14,2200030092480,,2/11/2025,E,
Flat 478,,Finchampstead Road,,Wokingham,RG40 3RG,03801H01,2000005085529,2495,1/7/2028,E,
,1b,Carradale Crescent,,GLASGOW,G68 9LE,00845G01,1800036574640,,21/4/2026,E,
Higher Garstang House Farm,,Chapel Lane,,CHORLEY,PR6 8TB,04811004,1610021258487,9133,1/10/2026,E,
,42,Atlantic Way,,BIDEFORD,EX39 1JD,00900N14,2200030079451,,1/10/2027,E,
,55,High Street,,Bristol,BS16 5HD,00900N13,2200017485461,,10/1/2027,E,
,1-3,KINGSTON ROAD,,PORTSMOUTH,PO1 5RX,04044H19,2000052513681,35212,20/8/2026,E,
,33,Alexandra Street,,SOUTHEND-ON-SEA,SS1 1BW,03800203,1050000107568,,2/11/2025,D,
,8,Blantyre Road,,MANCHESTER,M27 5ER,04811024,1610009966801,,1/6/2026,E,
,,Chippenham Golf Club,,Chippenham,SN15 5LT,00900H86,2000055316549,,1/11/2026,E,
,23,Kilmarnock Road,,Prestwick,KA9 2RJ,04001D04,1800035113702,30674,27/4/2026,E,
Pasture House Farm,,Neds Lane,,Preston,PR3 6HT,03500014,1610023197659,10320,1/10/2026,E,
81-83,,Cato Street,,Birmingham,B7 4TS,03801N12,1411525831005,6005,1/10/2027,E,
,9,Weller Drive,,Wokingham,RG40 4QZ,03801H04,2000005058631,67762,5/5/2027,E,
The Green,,Highams Road,,HOCKLEY,SS5 4DG,03136202,1012605783429,11028,5/8/2027,E,
Ground Floor,39,Marlborough Road,,Castle Bromwich,B36 0EH,03801N12,1419053151004,4486,2/8/2027,E,
,,Limberline Road,,PORTSMOUTH,PO3 5JF,04044H22,2000014298350,10777,3/6/2027,E,
,,Rannoch Court,,,G67 4LS,03826D03,1800015483616,24757,29/4/2026,E,
Grosvenor House;,36,North Lane,,Aldershot,GU12 4QG,00845H87,2000027411403,,1/10/2026,E,
"Unit 4, Orpheus House",,,,Reading,RG7 8TA,00845H86,2000011379722,,20/9/2026,E,
SEASON ELECTRONICS LTD,UNIT 600,NEST BUSINESS PARK,,HAVANT,PO9 5TL,00845H87,2000027401869,,1/1/2027,E,
The Roundhouse,25,Church Street,,MELKSHAM,SN12 6LS,04044H17,2000006126479,768,2/10/2027,E,
,290,Shields Road,,Newcastle upon Tyne,NE6 1DX,0090002D,1591010778290,,1/10/2026,E,
,20,Hessary Drive,,PLYMOUTH,PL6 7DG,03801N12,2200010648703,33306,13/10/2026,E,
Westmoor Bakery,10,Armstrong Drive,,Newcastle Upon Tyne,NE12 7EB,0380102B,1591041685424,10090,1/8/2027,E,
Unit D,5,Parade,,Exmouth,EX8 1RS,03801110,2200040241059,1564,2/11/2025,E,
,168,Green Lane,,Birmingham,B36 0BU,00845N14,1425274100005,,19/7/2028,E,
,9-11,Beltinge Road,,Herne Bay,CT6 6DB,04811204,1900005178730,45278,2/10/2026,E,
,738,Oxford Road,,Reading,RG30 1EH,00900Q03,2000027372534,,18/7/2028,E,
,,"Milking Parlour,Oxen Park Farm",,Ilfracombe,EX34 9RG,04056N14,2200041108367,197979,3/10/2027,E,
,27,Spa Road,,HOCKLEY,SS5 4AZ,04807202,1012605194399,,12/7/2027,E,
,,Rope Walk,,Southampton,SO31 4HB,00845H86,2000027463777,,1/10/2027,E,
The Bell Inn,,Sapperton,,Cirencester,GL7 6LE,00900N14,1410066171004,,1/5/2026,E,
Lordswood Industrial Estate,,Revenge Road,,Chatham,ME5 8UD,00845071,1900032425772,,15/10/2026,E,
148,,HANSON LANE,,HALIFAX,HX1 5PQ,0084505A,2326532948012,,1/7/2027,E,
Bezzells Farm,,Woodrow Road,,MELKSHAM,SN12 7RE,04044H17,2000006144325,3366,1/2/2027,E,
,8,New Mills Road,,HIGH PEAK,SK22 1BT,00900414,1600000044940,,16/3/2026,E,
Conservative Working Mens Club,15,Queen Street,,Louth,LN11 9AU,0380202C,2371112630519,25323,3/1/2026,E,
Worcester Lodge,32,Castle Road,,CLEVEDON,BS21 7DE,00845N14,2200013194320,,1/5/2026,E,
,,21 Dodworth Road,,Barnsley,S70 6DW,0380102B,2331317440018,2273,6/10/2026,E,
,35,Andover Road,,Andover,SP11 9LU,03801H02,2000027768560,14085,7/10/2027,E,
"Unit 3, Empress Heights",,College Street,,Southampton,SO14 3LA,03801H02,2000056048905,7763,20/10/2026,E,
,4,Bridgewater Close,,Reading,RG30 1JT,00845H86,2000027371976,,4/7/2026,E,
,14,Dunlin Court,,BELLSHILL,ML4 3NH,03801D03,1800018777632,13072,1/12/2027,E,
Thorndike Medical Court,,Longley Road,,ROCHESTER,ME1 2TH,00845071,1900033424672,,25/9/2027,E,
,137a,Harrison Road,,LEICESTER,LE4 6NP,04817N14,1100039672650,111662,1/12/2025,E,
62a,,Front Street,,Stanley,DH9 0HU,0380102A,1591059072157,3927,7/11/2027,E,
C2,,Haviland Road,,Dorset,BH21 7RY,03801H02,2000021826784,1062,7/4/2026,E,
Shop,334,Wolseley Road,,Plymouth,PL2 2EA,03801N13,2200010287292,48027,2/11/2025,E,
,3,Flansham Lane,,Bognor Regis,PO22 6AA,04108H48,2000019163709,,1/5/2026,E,
,Unit 2,The Courtyard,,Sutton Coldfield,B75 7BU,03801N12,1460001476681,8492,7/10/2026,E,
,2,Hollandhurst Road,,COATBRIDGE,ML5 2EG,03801D01,1800015728456,5965,16/10/2027,E,
,3,Boileau Parade,,LONDON,W5 3AQ,03801H02,2000000784696,1934,13/5/2026,E,
Wheatsheaf Hotel,,Mill Lane,,St Helens,WA9 4HN,00900D04,1300035397934,,25/3/2026,E,
,14,Fancy Road,,POOLE,BH12 4QZ,03801H07,2000055403147,13378,1/4/2027,E,
,,LITTLE JOHNS FARM,,Reading,RG30 1LQ,04044H17,2000010484922,,13/3/2028,E,
,67,Middlewich Road,,Sandbach,CW11 1HU,03801D01,1300008234238,14290,12/5/2026,E,
Unit 12 Faygate Business Ctr,,Faygate Lane,,Horsham,RH12 4DN,04158202,1900005334025,20879,15/10/2026,E,
Unit 1a,,Watchmoor Road,,Camberley,GU15 3AJ,03801H02,2000004714586,39678,19/10/2027,E,
,155,Whiteladies Road,,Bristol,BS8 2RF,04042210,2200016373609,7226,3/10/2026,E,
,,Chapel Street,,Cwmbran,NP44 1DL,03801N14,2199992254825,5508,7/7/2026,E,
,70,Victoria Street,,PAIGNTON,TQ4 5DS,00845N14,2200030092903,,1/10/2026,E,
"Unit 13-14, HAWES VIEW INDUSTRIAL ESTATE",,"Haws View Industrial Estate, Park Road",,BARROW-IN-FURNESS,LA14 4TN,03801004,1610005785551,,17/11/2017,E,
,105,Coventry Street,,BIRMINGHAM,B5 5NY,00845127,1441003077004,,1/8/2027,E,
,17,VICTORIA RD,,BARNOLDSWICK,BB18 6UN,0380102C,2316054611016,15196,20/10/2026,E,
Oakleigh,,Wragmire Bank,,Carlisle,CA4 0BL,04811004,1610031581687,2668,28/10/2027,E,
,123,Dyke Road,,Hove,BN3 1TJ,04812204,1900006386283,40757,18/5/2026,E,
Vorwerk House,6,Ashville Way,,WOKINGHAM,RG41 2PL,03801H04,2000054687938,22771,29/5/2026,E,
Bow Triangle Business Centre,5,Eleanor Street,,LONDON,E3 4UR,03801201,1200038996184,7986,2/11/2025,E,
,65,Alexandra Road,,Morecambe,LA3 1RW,03801014,1640000286283,17269,14/11/2026,E,
,7,Shropshire Street,,Market Drayton,TF9 3BZ,04811N14,1413029620000,30725,17/5/2027,E,
,1202,WALKER ROAD,,NEWCASTLE UPON TYNE,NE6 3JN,0084502C,1591053761702,,1/4/2027,E,
Lethan Arms,,Cookston Road,,ABERDEEN,AB12 4PT,03801P09,1714372172505,49118,1/8/2027,E,
Northern Freight,,1-2 Kitching Road,,Peterlee,SR8 2HP,05800998,1592001132371,,2/11/2025,D,
,10,Kennet Road,,DARTFORD,DA1 4QN,03801204,1200034612641,50731,25/5/2026,E,
,86b&c,C Crewe Road,,Stoke On Trent,ST7 2JA,03801D04,1300008308962,155492,20/10/2026,E,
,220,Sheffield Road,,Barnsley,S70 4PF,0350002B,2330917170910,13638,1/11/2027,E,
,,"The Promenade, Clifton Down",,BRISTOL,BS8 3NJ,03801N14,2200015860503,26685,8/5/2027,E,
,2-4,WATTS LANE,,TEDDINGTON,TW11 8HQ,03801202,1900043007882,20256,1/12/2026,E,
BAY 2,,GARTSHORE BUILDINGS,,Perth,PH2 8BB,03801R51,1717015796006,10,13/12/2026,E,
Burnham Beeches Golf Club,,Green Lane,,Slough,SL1 8EG,04024143,2000004964650,6718,1/10/2027,E,
Unit 2,332-334,Walworth Road,,London,SE17 2NA,00845204,1200041202243,,3/12/2026,E,
"Wecock,Community Centre",,Kite Close,,Waterlooville,PO8 9UU,00900H86,2000052538082,,26/5/2028,E,
,,Unit 5 Green Lane,,Tewkesbury,GL20 8HD,00845L04,1414823181001,,24/7/2026,E,
,1339,Ashton Old Road,,Manchester,M11 1JT,03801004,1610001363994,9250,1/8/2026,E,
,,South Efford House,,Kingsbridge,TQ7 4NX,00800203,2200030101512,,2/11/2025,D,
,,Unit 12,,WASHINGTON,NE38 8QP,0380102A,1580000057388,2645,23/10/2026,E,
Phoenix Dryers & Engineering,,Carlinghurst Road,,Blackburn,BB2 1PN,05808054,1620000789238,87981,29/5/2026,E,
Old Brewery,,Shore Street,,Barrow In Furness,LA14 2UB,03801004,1610005665985,20122,2/11/2027,E,
,117,Sydney Street,,London,SW3 6NR,03801203,1200025733224,5491,1/10/2026,E,
,184,Park Avenue,,LONDON,NW10 7XL,00845071,1014570226070,,1/10/2026,E,
Health Centre,133,Glover Street,,Perth,PH2 0JB,00845P81,1717014025436,,1/1/2026,E,
Dry Cleaners,,Station Parade,,Maidenhead,SL6 9BR,00845H86,2000027394635,,8/2/2028,E,
Global Optics UK Ltd,,"UNIT 6, BRANKSTONE BUSINESS PARK",,POOLE,BH12 1DW,03801H2C,2400000096765,9238,26/9/2027,E,
,29,Swinegate,,York,YO1 8AZ,0380102D,1591016352751,155967,5/3/2027,E,
,,Bath Road,,READING,RG7 5RH,03801H02,2000011418309,3766,2/11/2025,E,
Unit 14,,Churchill Way,,Nelson,BB9 6RT,03801014,1630000750821,7112,2/11/2025,E,
,Unit 23,Pitcliffe Way,,Bradford,BD5 7SG,0380102B,2312517147510,25357,1/6/2026,E,
Horns Cross Repair,,,,BIDEFORD,EX39 5DH,03801N12,2200040111119,10879,27/10/2026,E,
SAM TAYLOR HAIRDRESSER,,U 3 Hall Pk Centre,,LYTHAM ST. ANNES,FY8 4QF,03500144,1610004635934,5838,3/11/2027,E,
Miners Arms,136,Mina Road,,Bristol,BS2 9YQ,03801110,2200017215105,,2/11/2025,E,
,11-15,Unit 3,,London,NW10 6PT,03801H09,2000027294610,38041,4/6/2026,E,
30 New John Street West,,,,Birmingham,B19 3NB,03801N12,1415178431004,6435,4/7/2026,E,
EAST DARTMOOR BAPTIST CHURCH,,Hind Street,,NEWTON ABBOT,TQ13 9HT,03500110,2200020391734,2585,18/5/2028,E,
,,Molefre,,Gwynedd,LL72 8NN,03801D03,1300011906894,19247,28/10/2026,E,
,,14 Otley Road,,Shipley,BD17 7SE,0084505A,2316513776017,,13/10/2027,E,
,20,Rose Green Road,,Bognor Regis,PO21 3ET,03801H01,2000019016800,5334,1/6/2026,E,
Crown Hotel,,North Scale,,BARROW-IN-FURNESS,LA14 3RP,03801274,1610005549602,79473,7/11/2027,E,
Unit 4 Anchor Buildings,,Battle Road,,Newton Abbot,TQ12 6RY,03801N14,2200020359615,56318,9/9/2026,E,
Unit 18,,"Mile Oak Industrial Estate, Maesbury Road",,Oswestry,SY10 8GA,04811D04,1300035434197,,26/2/2026,E,
"Unit 5, Marlin House",,Marlins Meadow,,WATFORD,WD18 8TE,00800202,1014570143041,,2/11/2025,D,
Unit D & E,,Carlinghurst Road Business Park,,Blackburn,BB2 1PQ,03801274,1610022147391,37012,31/10/2026,E,
,17,Blackstock Road,,London,N4 2JF,03801204,1200052325078,25251,1/12/2025,E,
,187,Findon Road,,Worthing,BN14 0EP,03800202,1900034400264,,2/11/2025,D,
,19,Promenade,,CHELTENHAM,GL50 1LP,04811N12,1419191071007,32478,4/6/2026,E,
1 Beechwood Cottages,,Roman Road,,Blackburn,BB1 2LB,03801144,1610022131745,12451,2/11/2026,E,
Brighton & Hove Reform Synagogue,,Palmeira Avenue,,Hove,BN3 3GE,00845071,1900014001063,,8/11/2027,E,
"Care Home, Park Farm House",,Parkfield,,BRISTOL,BS16 9NS,01801010,2200017648142,32143,31/5/2026,E,
,29,Gordon Avenue,,STANMORE,HA7 2RL,04138204,1014572225928,157622,1/1/2026,E,
,,Ruthvenfield Avenue,,PERTH,PH1 3WB,03801P06,1700051174047,3755,2/11/2025,E,
"Salad Days,Unit 9a-9e",,Tanfield Lea Industrial Estate North,,Stanley,DH9 9UU,0380102B,1591060590175,1112,29/7/2027,E,
,30-32,Courtenay Street,,NEWTON ABBOT,TQ12 2DT,04807N13,2200040246952,15498,2/11/2025,E,
,202,St Andrew's Road,,Bridport,DT6 3BS,00845540,2200030052593,,27/7/2026,E,
The Cut,264,Milton Road,,,BS22 8EN,03801110,2200013143609,2045,9/6/2026,E,
Brig Inn,9,Ellon Road,,Aberdeen,AB23 8EB,03094P29,1714679972401,58689,10/7/2027,E,
,125,Queens Road,,BRIGHTON,BN1 3WB,03801203,1900030389244,9892,2/11/2025,E,
Unit 6D,,Castle Street Ind Est,,Alloa,FK10 1EU,03801D02,1800019304773,8268,25/6/2026,E,
Hartley Farm,,Hartley,,Bradford-on-Avon,BA15 2JB,00845H87,2000006209832,,4/11/2026,E,
,,The Glyntwrog inn,,Caernarfon,LL55 4AN,00845D04,1300035431568,,18/11/2027,E,
Radius,Whitefriar,Lewins Mead,,BRISTOL,BS1 2NT,07802N14,2200017169753,59583,2/11/2025,E,
,34,Francis Grove,,London,SW19 4DT,03801204,1200030558770,37291,7/12/2026,E,
,116-118,Roman Road,,LONDON,E2 0RN,04874202,1200033366683,3984,21/8/2026,E,
,,47-47a Villa Street,,London,SE17 2EL,00845072,1200051356943,,15/11/2026,E,
,35,Fore Street,,Totnes,TQ9 5HN,03801110,2200020819785,1004,30/10/2027,E,
Orpington Village Halls Trust,311,High Street,,Orpington Village Hall,BR6 0NN,00900071,1900090572186,,25/6/2026,E,
Unit 3,,Northway Lane,,Tewkesbury,GL20 8JG,03800007,1460001494272,,2/11/2025,D,
Unit 7B,,Castle Way,,Caldicot,NP26 5PR,03801N13,2199991592304,848,29/6/2026,E,
,,Black Lion Court,,Congleton,CW12 1BD,03800007,1413856530005,,2/11/2025,D,
